Company,Metric,Lag,Test,F_statistic,p_value,Significant
Apple,Price,1,ssr_ftest,1.119142,0.291274,False
Apple,Price,1,ssr_chi2test,1.134543,0.286808,False
Apple,Price,1,lrtest,1.13164,0.287426,False
Apple,Price,1,params_ftest,1.119142,0.291274,False
Apple,Price,2,ssr_ftest,0.7643,0.466921,False
Apple,Price,2,ssr_chi2test,1.564149,0.457456,False
Apple,Price,2,lrtest,1.558615,0.458724,False
Apple,Price,2,params_ftest,0.7643,0.466921,False
Apple,Price,3,ssr_ftest,0.949788,0.417439,False
Apple,Price,3,ssr_chi2test,2.943447,0.400427,False
Apple,Price,3,lrtest,2.923842,0.403517,False
Apple,Price,3,params_ftest,0.949788,0.417439,False
Apple,Price,4,ssr_ftest,0.691496,0.598593,False
Apple,Price,4,ssr_chi2test,2.885092,0.577235,False
Apple,Price,4,lrtest,2.866168,0.580466,False
Apple,Price,4,params_ftest,0.691496,0.598593,False
Apple,Price,5,ssr_ftest,0.587714,0.709395,False
Apple,Price,5,ssr_chi2test,3.095484,0.685268,False
Apple,Price,5,lrtest,3.073614,0.688638,False
Apple,Price,5,params_ftest,0.587714,0.709395,False
Apple,Price,6,ssr_ftest,1.016487,0.41562,False
Apple,Price,6,ssr_chi2test,6.489492,0.370644,False
Apple,Price,6,lrtest,6.393917,0.380539,False
Apple,Price,6,params_ftest,1.016487,0.41562,False
Apple,Price,7,ssr_ftest,1.224974,0.29055,False
Apple,Price,7,ssr_chi2test,9.217927,0.237386,False
Apple,Price,7,lrtest,9.025794,0.250809,False
Apple,Price,7,params_ftest,1.224974,0.29055,False
Apple,Price,8,ssr_ftest,1.813736,0.076418,False
Apple,Price,8,ssr_chi2test,15.762014,0.045916,True
Apple,Price,8,lrtest,15.20856,0.055215,False
Apple,Price,8,params_ftest,1.813736,0.076418,False
Apple,Price,9,ssr_ftest,2.259823,0.019953,True
Apple,Price,9,ssr_chi2test,22.330314,0.007889,True
Apple,Price,9,lrtest,21.235664,0.011644,True
Apple,Price,9,params_ftest,2.259823,0.019953,True
Apple,Price,10,ssr_ftest,2.330193,0.013013,True
Apple,Price,10,ssr_chi2test,25.863924,0.003928,True
Apple,Price,10,lrtest,24.403847,0.006598,True
Apple,Price,10,params_ftest,2.330193,0.013013,True
Apple,Price,11,ssr_ftest,3.180131,0.00056,True
Apple,Price,11,ssr_chi2test,39.261091,4.8e-05,True
Apple,Price,11,lrtest,36.006433,0.000169,True
Apple,Price,11,params_ftest,3.180131,0.00056,True
Apple,Price,12,ssr_ftest,3.116767,0.000474,True
Apple,Price,12,ssr_chi2test,42.455415,2.8e-05,True
Apple,Price,12,lrtest,38.666697,0.000119,True
Apple,Price,12,params_ftest,3.116767,0.000474,True
Apple,Volume,1,ssr_ftest,5.706205,0.017757,True
Apple,Volume,1,ssr_chi2test,5.78473,0.016166,True
Apple,Volume,1,lrtest,5.710318,0.016865,True
Apple,Volume,1,params_ftest,5.706205,0.017757,True
Apple,Volume,2,ssr_ftest,3.559349,0.030146,True
Apple,Volume,2,ssr_chi2test,7.284249,0.026197,True
Apple,Volume,2,lrtest,7.166255,0.027789,True
Apple,Volume,2,params_ftest,3.559349,0.030146,True
Apple,Volume,3,ssr_ftest,1.696135,0.168883,False
Apple,Volume,3,ssr_chi2test,5.25642,0.153955,False
Apple,Volume,3,lrtest,5.194329,0.158108,False
Apple,Volume,3,params_ftest,1.696135,0.168883,False
Apple,Volume,4,ssr_ftest,1.082086,0.366356,False
Apple,Volume,4,ssr_chi2test,4.51473,0.340804,False
Apple,Volume,4,lrtest,4.468616,0.346285,False
Apple,Volume,4,params_ftest,1.082086,0.366356,False
Apple,Volume,5,ssr_ftest,1.337294,0.249817,False
Apple,Volume,5,ssr_chi2test,7.043517,0.217424,False
Apple,Volume,5,lrtest,6.93162,0.225776,False
Apple,Volume,5,params_ftest,1.337294,0.249817,False
Apple,Volume,6,ssr_ftest,1.162932,0.327601,False
Apple,Volume,6,ssr_chi2test,7.424434,0.283371,False
Apple,Volume,6,lrtest,7.299687,0.294019,False
Apple,Volume,6,params_ftest,1.162932,0.327601,False
Apple,Volume,7,ssr_ftest,0.985231,0.443115,False
Apple,Volume,7,ssr_chi2test,7.413862,0.387096,False
Apple,Volume,7,lrtest,7.2889,0.399432,False
Apple,Volume,7,params_ftest,0.985231,0.443115,False
Apple,Volume,8,ssr_ftest,0.821199,0.584743,False
Apple,Volume,8,ssr_chi2test,7.136512,0.521978,False
Apple,Volume,8,lrtest,7.020098,0.534466,False
Apple,Volume,8,params_ftest,0.821199,0.584743,False
Apple,Volume,9,ssr_ftest,0.747389,0.665112,False
Apple,Volume,9,ssr_chi2test,7.385278,0.597073,False
Apple,Volume,9,lrtest,7.260129,0.610056,False
Apple,Volume,9,params_ftest,0.747389,0.665112,False
Apple,Volume,10,ssr_ftest,0.871075,0.561295,False
Apple,Volume,10,ssr_chi2test,9.668477,0.470044,False
Apple,Volume,10,lrtest,9.454489,0.489581,False
Apple,Volume,10,params_ftest,0.871075,0.561295,False
Apple,Volume,11,ssr_ftest,0.767586,0.672041,False
Apple,Volume,11,ssr_chi2test,9.476418,0.578005,False
Apple,Volume,11,lrtest,9.26978,0.597006,False
Apple,Volume,11,params_ftest,0.767586,0.672041,False
Apple,Volume,12,ssr_ftest,0.557722,0.87365,False
Apple,Volume,12,ssr_chi2test,7.597079,0.815772,False
Apple,Volume,12,lrtest,7.462888,0.825571,False
Apple,Volume,12,params_ftest,0.557722,0.87365,False
Apple,Volatility,1,ssr_ftest,0.896087,0.344881,False
Apple,Volatility,1,ssr_chi2test,0.908419,0.340534,False
Apple,Volatility,1,lrtest,0.906557,0.34103,False
Apple,Volatility,1,params_ftest,0.896087,0.344881,False
Apple,Volatility,2,ssr_ftest,0.591428,0.554434,False
Apple,Volatility,2,ssr_chi2test,1.210364,0.545975,False
Apple,Volatility,2,lrtest,1.207046,0.546882,False
Apple,Volatility,2,params_ftest,0.591428,0.554434,False
Apple,Volatility,3,ssr_ftest,0.188327,0.90427,False
Apple,Volatility,3,ssr_chi2test,0.583636,0.900168,False
Apple,Volatility,3,lrtest,0.58286,0.900345,False
Apple,Volatility,3,params_ftest,0.188327,0.90427,False
Apple,Volatility,4,ssr_ftest,0.817756,0.515109,False
Apple,Volatility,4,ssr_chi2test,3.41188,0.491403,False
Apple,Volatility,4,lrtest,3.385456,0.495507,False
Apple,Volatility,4,params_ftest,0.817756,0.515109,False
Apple,Volatility,5,ssr_ftest,1.11931,0.351208,False
Apple,Volatility,5,ssr_chi2test,5.895395,0.316531,False
Apple,Volatility,5,lrtest,5.816735,0.324462,False
Apple,Volatility,5,params_ftest,1.11931,0.351208,False
Apple,Volatility,6,ssr_ftest,1.182379,0.317035,False
Apple,Volatility,6,ssr_chi2test,7.54859,0.273074,False
Apple,Volatility,6,lrtest,7.419684,0.283771,False
Apple,Volatility,6,params_ftest,1.182379,0.317035,False
Apple,Volatility,7,ssr_ftest,1.613809,0.133243,False
Apple,Volatility,7,ssr_chi2test,12.14391,0.095925,False
Apple,Volatility,7,lrtest,11.813337,0.106867,False
Apple,Volatility,7,params_ftest,1.613809,0.133243,False
Apple,Volatility,8,ssr_ftest,1.575662,0.134118,False
Apple,Volatility,8,ssr_chi2test,13.693059,0.090125,False
Apple,Volatility,8,lrtest,13.272809,0.102801,False
Apple,Volatility,8,params_ftest,1.575662,0.134118,False
Apple,Volatility,9,ssr_ftest,1.659891,0.101052,False
Apple,Volatility,9,ssr_chi2test,16.402122,0.058944,False
Apple,Volatility,9,lrtest,15.801254,0.07115,False
Apple,Volatility,9,params_ftest,1.659891,0.101052,False
Apple,Volatility,10,ssr_ftest,2.001528,0.035154,True
Apple,Volatility,10,ssr_chi2test,22.215911,0.014042,True
Apple,Volatility,10,lrtest,21.127308,0.020223,True
Apple,Volatility,10,params_ftest,2.001528,0.035154,True
Apple,Volatility,11,ssr_ftest,1.909236,0.040408,True
Apple,Volatility,11,ssr_chi2test,23.57094,0.014668,True
Apple,Volatility,11,lrtest,22.344884,0.021833,True
Apple,Volatility,11,params_ftest,1.909236,0.040408,True
Apple,Volatility,12,ssr_ftest,1.70791,0.067949,False
Apple,Volatility,12,ssr_chi2test,23.264497,0.025563,True
Apple,Volatility,12,lrtest,22.063747,0.036812,True
Apple,Volatility,12,params_ftest,1.70791,0.067949,False
Amazon,Price,1,ssr_ftest,6.659785,0.010517,True
Amazon,Price,1,ssr_chi2test,6.751433,0.009367,True
Amazon,Price,1,lrtest,6.65036,0.009914,True
Amazon,Price,1,params_ftest,6.659785,0.010517,True
Amazon,Price,2,ssr_ftest,3.843655,0.022902,True
Amazon,Price,2,ssr_chi2test,7.866084,0.019584,True
Amazon,Price,2,lrtest,7.728723,0.020976,True
Amazon,Price,2,params_ftest,3.843655,0.022902,True
Amazon,Price,3,ssr_ftest,2.717755,0.045617,True
Amazon,Price,3,ssr_chi2test,8.422475,0.038042,True
Amazon,Price,3,lrtest,8.264553,0.040849,True
Amazon,Price,3,params_ftest,2.717755,0.045617,True
Amazon,Price,4,ssr_ftest,2.1258,0.078786,False
Amazon,Price,4,ssr_chi2test,8.869368,0.064449,False
Amazon,Price,4,lrtest,8.693691,0.069229,False
Amazon,Price,4,params_ftest,2.1258,0.078786,False
Amazon,Price,5,ssr_ftest,1.630059,0.153445,False
Amazon,Price,5,ssr_chi2test,8.585503,0.126784,False
Amazon,Price,5,lrtest,8.420013,0.134557,False
Amazon,Price,5,params_ftest,1.630059,0.153445,False
Amazon,Price,6,ssr_ftest,1.506504,0.177548,False
Amazon,Price,6,ssr_chi2test,9.61788,0.141694,False
Amazon,Price,6,lrtest,9.409903,0.151804,False
Amazon,Price,6,params_ftest,1.506504,0.177548,False
Amazon,Price,7,ssr_ftest,2.034161,0.052524,False
Amazon,Price,7,ssr_chi2test,15.307059,0.032259,True
Amazon,Price,7,lrtest,14.786718,0.038833,True
Amazon,Price,7,params_ftest,2.034161,0.052524,False
Amazon,Price,8,ssr_ftest,1.859149,0.068407,False
Amazon,Price,8,ssr_chi2test,16.156662,0.040192,True
Amazon,Price,8,lrtest,15.575819,0.04887,True
Amazon,Price,8,params_ftest,1.859149,0.068407,False
Amazon,Price,9,ssr_ftest,1.709218,0.089094,False
Amazon,Price,9,ssr_chi2test,16.889542,0.050474,False
Amazon,Price,9,lrtest,16.253343,0.061776,False
Amazon,Price,9,params_ftest,1.709218,0.089094,False
Amazon,Price,10,ssr_ftest,1.828399,0.058042,False
Amazon,Price,10,ssr_chi2test,20.294276,0.026589,True
Amazon,Price,10,lrtest,19.38077,0.035685,True
Amazon,Price,10,params_ftest,1.828399,0.058042,False
Amazon,Price,11,ssr_ftest,1.898871,0.041723,True
Amazon,Price,11,ssr_chi2test,23.442972,0.015297,True
Amazon,Price,11,lrtest,22.229744,0.022653,True
Amazon,Price,11,params_ftest,1.898871,0.041723,True
Amazon,Price,12,ssr_ftest,1.739908,0.06146,False
Amazon,Price,12,ssr_chi2test,23.70037,0.022335,True
Amazon,Price,12,lrtest,22.455782,0.032718,True
Amazon,Price,12,params_ftest,1.739908,0.06146,False
Amazon,Volume,1,ssr_ftest,21.588127,6e-06,True
Amazon,Volume,1,ssr_chi2test,21.885212,3e-06,True
Amazon,Volume,1,lrtest,20.868201,5e-06,True
Amazon,Volume,1,params_ftest,21.588127,6e-06,True
Amazon,Volume,2,ssr_ftest,6.853021,0.001303,True
Amazon,Volume,2,ssr_chi2test,14.024788,0.000901,True
Amazon,Volume,2,lrtest,13.595889,0.001116,True
Amazon,Volume,2,params_ftest,6.853021,0.001303,True
Amazon,Volume,3,ssr_ftest,2.237601,0.08489,False
Amazon,Volume,3,ssr_chi2test,6.934451,0.074017,False
Amazon,Volume,3,lrtest,6.826928,0.077624,False
Amazon,Volume,3,params_ftest,2.237601,0.08489,False
Amazon,Volume,4,ssr_ftest,3.015804,0.019035,True
Amazon,Volume,4,ssr_chi2test,12.582687,0.013506,True
Amazon,Volume,4,lrtest,12.232953,0.0157,True
Amazon,Volume,4,params_ftest,3.015804,0.019035,True
Amazon,Volume,5,ssr_ftest,2.758453,0.019535,True
Amazon,Volume,5,ssr_chi2test,14.528747,0.012578,True
Amazon,Volume,5,lrtest,14.063051,0.015214,True
Amazon,Volume,5,params_ftest,2.758453,0.019535,True
Amazon,Volume,6,ssr_ftest,2.027054,0.063609,False
Amazon,Volume,6,ssr_chi2test,12.941191,0.043979,True
Amazon,Volume,6,lrtest,12.568339,0.050427,False
Amazon,Volume,6,params_ftest,2.027054,0.063609,False
Amazon,Volume,7,ssr_ftest,1.709233,0.108577,False
Amazon,Volume,7,ssr_chi2test,12.861982,0.075543,False
Amazon,Volume,7,lrtest,12.491946,0.085498,False
Amazon,Volume,7,params_ftest,1.709233,0.108577,False
Amazon,Volume,8,ssr_ftest,1.409565,0.19438,False
Amazon,Volume,8,ssr_chi2test,12.249625,0.140409,False
Amazon,Volume,8,lrtest,11.911862,0.15518,False
Amazon,Volume,8,params_ftest,1.409565,0.19438,False
Amazon,Volume,9,ssr_ftest,1.036848,0.412092,False
Amazon,Volume,9,ssr_chi2test,10.245558,0.330974,False
Amazon,Volume,9,lrtest,10.006773,0.349937,False
Amazon,Volume,9,params_ftest,1.036848,0.412092,False
Amazon,Volume,10,ssr_ftest,1.558146,0.121892,False
Amazon,Volume,10,ssr_chi2test,17.294608,0.068094,False
Amazon,Volume,10,lrtest,16.625337,0.083076,False
Amazon,Volume,10,params_ftest,1.558146,0.121892,False
Amazon,Volume,11,ssr_ftest,1.392793,0.179013,False
Amazon,Volume,11,ssr_chi2test,17.19507,0.102236,False
Amazon,Volume,11,lrtest,16.53031,0.122557,False
Amazon,Volume,11,params_ftest,1.392793,0.179013,False
Amazon,Volume,12,ssr_ftest,1.241156,0.257854,False
Amazon,Volume,12,ssr_chi2test,16.90656,0.153146,False
Amazon,Volume,12,lrtest,16.260462,0.179596,False
Amazon,Volume,12,params_ftest,1.241156,0.257854,False
Amazon,Volatility,1,ssr_ftest,6.37485,0.012286,True
Amazon,Volatility,1,ssr_chi2test,6.462577,0.011017,True
Amazon,Volatility,1,lrtest,6.369889,0.011607,True
Amazon,Volatility,1,params_ftest,6.37485,0.012286,True
Amazon,Volatility,2,ssr_ftest,3.763181,0.024753,True
Amazon,Volatility,2,ssr_chi2test,7.701393,0.021265,True
Amazon,Volatility,2,lrtest,7.56966,0.022713,True
Amazon,Volatility,2,params_ftest,3.763181,0.024753,True
Amazon,Volatility,3,ssr_ftest,1.758649,0.156137,False
Amazon,Volatility,3,ssr_chi2test,5.450153,0.141651,False
Amazon,Volatility,3,lrtest,5.38344,0.145779,False
Amazon,Volatility,3,params_ftest,1.758649,0.156137,False
Amazon,Volatility,4,ssr_ftest,2.422164,0.049423,True
Amazon,Volatility,4,ssr_chi2test,10.105871,0.038682,True
Amazon,Volatility,4,lrtest,9.878628,0.042523,True
Amazon,Volatility,4,params_ftest,2.422164,0.049423,True
Amazon,Volatility,5,ssr_ftest,1.946716,0.088068,False
Amazon,Volatility,5,ssr_chi2test,10.253333,0.068367,False
Amazon,Volatility,5,lrtest,10.018466,0.074714,False
Amazon,Volatility,5,params_ftest,1.946716,0.088068,False
Amazon,Volatility,6,ssr_ftest,1.656201,0.133486,False
Amazon,Volatility,6,ssr_chi2test,10.57358,0.102484,False
Amazon,Volatility,6,lrtest,10.32293,0.111695,False
Amazon,Volatility,6,params_ftest,1.656201,0.133486,False
Amazon,Volatility,7,ssr_ftest,1.43857,0.191624,False
Amazon,Volatility,7,ssr_chi2test,10.825243,0.146426,False
Amazon,Volatility,7,lrtest,10.561533,0.158921,False
Amazon,Volatility,7,params_ftest,1.43857,0.191624,False
Amazon,Volatility,8,ssr_ftest,1.223102,0.287178,False
Amazon,Volatility,8,ssr_chi2test,10.629195,0.223607,False
Amazon,Volatility,8,lrtest,10.373651,0.239773,False
Amazon,Volatility,8,params_ftest,1.223102,0.287178,False
Amazon,Volatility,9,ssr_ftest,1.334058,0.221446,False
Amazon,Volatility,9,ssr_chi2test,13.182415,0.154524,False
Amazon,Volatility,9,lrtest,12.790576,0.172314,False
Amazon,Volatility,9,params_ftest,1.334058,0.221446,False
Amazon,Volatility,10,ssr_ftest,1.961018,0.039592,True
Amazon,Volatility,10,ssr_chi2test,21.766277,0.016341,True
Amazon,Volatility,10,lrtest,20.719931,0.023133,True
Amazon,Volatility,10,params_ftest,1.961018,0.039592,True
Amazon,Volatility,11,ssr_ftest,1.460542,0.149471,False
Amazon,Volatility,11,ssr_chi2test,18.031485,0.080853,False
Amazon,Volatility,11,lrtest,17.302285,0.099247,False
Amazon,Volatility,11,params_ftest,1.460542,0.149471,False
Amazon,Volatility,12,ssr_ftest,1.409014,0.164826,False
Amazon,Volatility,12,ssr_chi2test,19.193055,0.083975,False
Amazon,Volatility,12,lrtest,18.366002,0.105021,False
Amazon,Volatility,12,params_ftest,1.409014,0.164826,False
Google,Price,1,ssr_ftest,0.160644,0.688957,False
Google,Price,1,ssr_chi2test,0.162855,0.686541,False
Google,Price,1,lrtest,0.162795,0.686596,False
Google,Price,1,params_ftest,0.160644,0.688957,False
Google,Price,2,ssr_ftest,1.621478,0.200013,False
Google,Price,2,ssr_chi2test,3.318373,0.190294,False
Google,Price,2,lrtest,3.293595,0.192666,False
Google,Price,2,params_ftest,1.621478,0.200013,False
Google,Price,3,ssr_ftest,1.300449,0.275286,False
Google,Price,3,ssr_chi2test,4.030164,0.258225,False
Google,Price,3,lrtest,3.99353,0.262164,False
Google,Price,3,params_ftest,1.300449,0.275286,False
Google,Price,4,ssr_ftest,1.213807,0.305993,False
Google,Price,4,ssr_chi2test,5.064306,0.280763,False
Google,Price,4,lrtest,5.006378,0.286644,False
Google,Price,4,params_ftest,1.213807,0.305993,False
Google,Price,5,ssr_ftest,1.64825,0.148732,False
Google,Price,5,ssr_chi2test,8.681319,0.122471,False
Google,Price,5,lrtest,8.512163,0.130177,False
Google,Price,5,params_ftest,1.64825,0.148732,False
Google,Price,6,ssr_ftest,1.589942,0.151625,False
Google,Price,6,ssr_chi2test,10.150564,0.118453,False
Google,Price,6,lrtest,9.919278,0.128093,False
Google,Price,6,params_ftest,1.589942,0.151625,False
Google,Price,7,ssr_ftest,1.73223,0.103283,False
Google,Price,7,ssr_chi2test,13.03503,0.071259,False
Google,Price,7,lrtest,12.655164,0.080969,False
Google,Price,7,params_ftest,1.73223,0.103283,False
Google,Price,8,ssr_ftest,1.5157,0.153692,False
Google,Price,8,ssr_chi2test,13.171969,0.106068,False
Google,Price,8,lrtest,12.782496,0.119556,False
Google,Price,8,params_ftest,1.5157,0.153692,False
Google,Price,9,ssr_ftest,1.455479,0.167073,False
Google,Price,9,ssr_chi2test,14.382234,0.109363,False
Google,Price,9,lrtest,13.917481,0.125291,False
Google,Price,9,params_ftest,1.455479,0.167073,False
Google,Price,10,ssr_ftest,1.37026,0.196663,False
Google,Price,10,ssr_chi2test,15.209171,0.12462,False
Google,Price,10,lrtest,14.688372,0.143843,False
Google,Price,10,params_ftest,1.37026,0.196663,False
Google,Price,11,ssr_ftest,1.210133,0.282634,False
Google,Price,11,ssr_chi2test,14.939997,0.18526,False
Google,Price,11,lrtest,14.43479,0.209861,False
Google,Price,11,params_ftest,1.210133,0.282634,False
Google,Price,12,ssr_ftest,0.980346,0.46924,False
Google,Price,12,ssr_chi2test,13.353906,0.343851,False
Google,Price,12,lrtest,12.946501,0.372941,False
Google,Price,12,params_ftest,0.980346,0.46924,False
Google,Volume,1,ssr_ftest,10.20185,0.001611,True
Google,Volume,1,ssr_chi2test,10.342243,0.0013,True
Google,Volume,1,lrtest,10.107542,0.001477,True
Google,Volume,1,params_ftest,10.20185,0.001611,True
Google,Volume,2,ssr_ftest,3.428806,0.034209,True
Google,Volume,2,ssr_chi2test,7.017091,0.02994,True
Google,Volume,2,lrtest,6.907507,0.031627,True
Google,Volume,2,params_ftest,3.428806,0.034209,True
Google,Volume,3,ssr_ftest,1.439984,0.232136,False
Google,Volume,3,ssr_chi2test,4.462592,0.215651,False
Google,Volume,3,lrtest,4.417733,0.219747,False
Google,Volume,3,params_ftest,1.439984,0.232136,False
Google,Volume,4,ssr_ftest,0.74077,0.565165,False
Google,Volume,4,ssr_chi2test,3.090676,0.542767,False
Google,Volume,4,lrtest,3.068972,0.54635,False
Google,Volume,4,params_ftest,0.74077,0.565165,False
Google,Volume,5,ssr_ftest,0.70286,0.621886,False
Google,Volume,5,ssr_chi2test,3.701959,0.593072,False
Google,Volume,5,lrtest,3.670736,0.597725,False
Google,Volume,5,params_ftest,0.70286,0.621886,False
Google,Volume,6,ssr_ftest,0.634204,0.70278,False
Google,Volume,6,ssr_chi2test,4.048907,0.670058,False
Google,Volume,6,lrtest,4.011426,0.67513,False
Google,Volume,6,params_ftest,0.634204,0.70278,False
Google,Volume,7,ssr_ftest,0.462949,0.860489,False
Google,Volume,7,ssr_chi2test,3.483688,0.83695,False
Google,Volume,7,lrtest,3.455766,0.839888,False
Google,Volume,7,params_ftest,0.462949,0.860489,False
Google,Volume,8,ssr_ftest,0.558396,0.811018,False
Google,Volume,8,ssr_chi2test,4.852659,0.773202,False
Google,Volume,8,lrtest,4.798458,0.778884,False
Google,Volume,8,params_ftest,0.558396,0.811018,False
Google,Volume,9,ssr_ftest,0.818982,0.599302,False
Google,Volume,9,ssr_chi2test,8.092728,0.524829,False
Google,Volume,9,lrtest,7.942777,0.539923,False
Google,Volume,9,params_ftest,0.818982,0.599302,False
Google,Volume,10,ssr_ftest,0.633224,0.784256,False
Google,Volume,10,ssr_chi2test,7.028452,0.722756,False
Google,Volume,10,lrtest,6.914457,0.733495,False
Google,Volume,10,params_ftest,0.633224,0.784256,False
Google,Volume,11,ssr_ftest,0.658512,0.776296,False
Google,Volume,11,ssr_chi2test,8.129816,0.70163,False
Google,Volume,11,lrtest,7.977106,0.715353,False
Google,Volume,11,params_ftest,0.658512,0.776296,False
Google,Volume,12,ssr_ftest,0.579872,0.856707,False
Google,Volume,12,ssr_chi2test,7.898798,0.792988,False
Google,Volume,12,lrtest,7.753871,0.804057,False
Google,Volume,12,params_ftest,0.579872,0.856707,False
Google,Volatility,1,ssr_ftest,4.406331,0.036957,True
Google,Volatility,1,ssr_chi2test,4.466969,0.034556,True
Google,Volatility,1,lrtest,4.422424,0.03547,True
Google,Volatility,1,params_ftest,4.406331,0.036957,True
Google,Volatility,2,ssr_ftest,2.100709,0.124874,False
Google,Volatility,2,ssr_chi2test,4.299125,0.116535,False
Google,Volatility,2,lrtest,4.257658,0.118977,False
Google,Volatility,2,params_ftest,2.100709,0.124874,False
Google,Volatility,3,ssr_ftest,1.836477,0.141548,False
Google,Volatility,3,ssr_chi2test,5.691347,0.127631,False
Google,Volatility,3,lrtest,5.618651,0.131712,False
Google,Volatility,3,params_ftest,1.836477,0.141548,False
Google,Volatility,4,ssr_ftest,2.125053,0.078878,False
Google,Volatility,4,ssr_chi2test,8.866251,0.064531,False
Google,Volatility,4,lrtest,8.690696,0.069313,False
Google,Volatility,4,params_ftest,2.125053,0.078878,False
Google,Volatility,5,ssr_ftest,1.630709,0.153274,False
Google,Volatility,5,ssr_chi2test,8.588928,0.126627,False
Google,Volatility,5,lrtest,8.423308,0.134398,False
Google,Volatility,5,params_ftest,1.630709,0.153274,False
Google,Volatility,6,ssr_ftest,1.341186,0.240386,False
Google,Volatility,6,ssr_chi2test,8.562449,0.199722,False
Google,Volatility,6,lrtest,8.397093,0.21043,False
Google,Volatility,6,params_ftest,1.341186,0.240386,False
Google,Volatility,7,ssr_ftest,1.765496,0.096039,False
Google,Volatility,7,ssr_chi2test,13.285361,0.065453,False
Google,Volatility,7,lrtest,12.891056,0.074808,False
Google,Volatility,7,params_ftest,1.765496,0.096039,False
Google,Volatility,8,ssr_ftest,1.502274,0.158399,False
Google,Volatility,8,ssr_chi2test,13.055297,0.109961,False
Google,Volatility,8,lrtest,12.672561,0.123623,False
Google,Volatility,8,params_ftest,1.502274,0.158399,False
Google,Volatility,9,ssr_ftest,1.313973,0.231688,False
Google,Volatility,9,ssr_chi2test,12.983952,0.163334,False
Google,Volatility,9,lrtest,12.603598,0.181378,False
Google,Volatility,9,params_ftest,1.313973,0.231688,False
Google,Volatility,10,ssr_ftest,1.498442,0.14244,False
Google,Volatility,10,ssr_chi2test,16.631925,0.082916,False
Google,Volatility,10,lrtest,16.01175,0.099297,False
Google,Volatility,10,params_ftest,1.498442,0.14244,False
Google,Volatility,11,ssr_ftest,1.422541,0.165494,False
Google,Volatility,11,ssr_chi2test,17.562324,0.092308,False
Google,Volatility,11,lrtest,16.869617,0.111792,False
Google,Volatility,11,params_ftest,1.422541,0.165494,False
Google,Volatility,12,ssr_ftest,1.288032,0.228541,False
Google,Volatility,12,ssr_chi2test,17.545078,0.130218,False
Google,Volatility,12,lrtest,16.850575,0.155305,False
Google,Volatility,12,params_ftest,1.288032,0.228541,False
Microsoft,Price,1,ssr_ftest,1.990067,0.159759,False
Microsoft,Price,1,ssr_chi2test,2.017453,0.1555,False
Microsoft,Price,1,lrtest,2.0083,0.156441,False
Microsoft,Price,1,params_ftest,1.990067,0.159759,False
Microsoft,Price,2,ssr_ftest,0.906169,0.405607,False
Microsoft,Price,2,ssr_chi2test,1.854485,0.395643,False
Microsoft,Price,2,lrtest,1.846712,0.397184,False
Microsoft,Price,2,params_ftest,0.906169,0.405607,False
Microsoft,Price,3,ssr_ftest,0.866131,0.459479,False
Microsoft,Price,3,ssr_chi2test,2.684189,0.442921,False
Microsoft,Price,3,lrtest,2.667872,0.445715,False
Microsoft,Price,3,params_ftest,0.866131,0.459479,False
Microsoft,Price,4,ssr_ftest,0.749333,0.559462,False
Microsoft,Price,4,ssr_chi2test,3.126402,0.5369,False
Microsoft,Price,4,lrtest,3.104195,0.540542,False
Microsoft,Price,4,params_ftest,0.749333,0.559462,False
Microsoft,Price,5,ssr_ftest,0.628263,0.678379,False
Microsoft,Price,5,ssr_chi2test,3.309057,0.652455,False
Microsoft,Price,5,lrtest,3.28408,0.65628,False
Microsoft,Price,5,params_ftest,0.628263,0.678379,False
Microsoft,Price,6,ssr_ftest,0.614954,0.718214,False
Microsoft,Price,6,ssr_chi2test,3.92601,0.686689,False
Microsoft,Price,6,lrtest,3.890757,0.691457,False
Microsoft,Price,6,params_ftest,0.614954,0.718214,False
Microsoft,Price,7,ssr_ftest,0.564641,0.784075,False
Microsoft,Price,7,ssr_chi2test,4.248924,0.750701,False
Microsoft,Price,7,lrtest,4.207484,0.755593,False
Microsoft,Price,7,params_ftest,0.564641,0.784075,False
Microsoft,Price,8,ssr_ftest,0.520923,0.839931,False
Microsoft,Price,8,ssr_chi2test,4.527008,0.806725,False
Microsoft,Price,8,lrtest,4.47979,0.811452,False
Microsoft,Price,8,params_ftest,0.520923,0.839931,False
Microsoft,Price,9,ssr_ftest,0.567346,0.822798,False
Microsoft,Price,9,ssr_chi2test,5.606194,0.778593,False
Microsoft,Price,9,lrtest,5.533686,0.785528,False
Microsoft,Price,9,params_ftest,0.567346,0.822798,False
Microsoft,Price,10,ssr_ftest,0.607232,0.806621,False
Microsoft,Price,10,ssr_chi2test,6.739961,0.749745,False
Microsoft,Price,10,lrtest,6.635039,0.759391,False
Microsoft,Price,10,params_ftest,0.607232,0.806621,False
Microsoft,Price,11,ssr_ftest,0.513577,0.892719,False
Microsoft,Price,11,ssr_chi2test,6.340485,0.849708,False
Microsoft,Price,11,lrtest,6.247087,0.85638,False
Microsoft,Price,11,params_ftest,0.513577,0.892719,False
Microsoft,Price,12,ssr_ftest,0.723356,0.7275,False
Microsoft,Price,12,ssr_chi2test,9.853283,0.62883,False
Microsoft,Price,12,lrtest,9.629109,0.648462,False
Microsoft,Price,12,params_ftest,0.723356,0.7275,False
Microsoft,Volume,1,ssr_ftest,30.637666,0.0,True
Microsoft,Volume,1,ssr_chi2test,31.059286,0.0,True
Microsoft,Volume,1,lrtest,29.061858,0.0,True
Microsoft,Volume,1,params_ftest,30.637666,0.0,True
Microsoft,Volume,2,ssr_ftest,11.092571,2.6e-05,True
Microsoft,Volume,2,ssr_chi2test,22.701076,1.2e-05,True
Microsoft,Volume,2,lrtest,21.60466,2e-05,True
Microsoft,Volume,2,params_ftest,11.092571,2.6e-05,True
Microsoft,Volume,3,ssr_ftest,4.282656,0.005845,True
Microsoft,Volume,3,ssr_chi2test,13.272194,0.004083,True
Microsoft,Volume,3,lrtest,12.885566,0.004891,True
Microsoft,Volume,3,params_ftest,4.282656,0.005845,True
Microsoft,Volume,4,ssr_ftest,3.09254,0.016802,True
Microsoft,Volume,4,ssr_chi2test,12.902847,0.01176,True
Microsoft,Volume,4,lrtest,12.535432,0.013784,True
Microsoft,Volume,4,params_ftest,3.09254,0.016802,True
Microsoft,Volume,5,ssr_ftest,2.101618,0.066585,False
Microsoft,Volume,5,ssr_chi2test,11.069202,0.050025,False
Microsoft,Volume,5,lrtest,10.796129,0.055575,False
Microsoft,Volume,5,params_ftest,2.101618,0.066585,False
Microsoft,Volume,6,ssr_ftest,1.728785,0.115872,False
Microsoft,Volume,6,ssr_chi2test,11.036973,0.08724,False
Microsoft,Volume,6,lrtest,10.764246,0.095942,False
Microsoft,Volume,6,params_ftest,1.728785,0.115872,False
Microsoft,Volume,7,ssr_ftest,1.600584,0.137028,False
Microsoft,Volume,7,ssr_chi2test,12.044391,0.099108,False
Microsoft,Volume,7,lrtest,11.719118,0.110182,False
Microsoft,Volume,7,params_ftest,1.600584,0.137028,False
Microsoft,Volume,8,ssr_ftest,1.415828,0.19175,False
Microsoft,Volume,8,ssr_chi2test,12.304051,0.138145,False
Microsoft,Volume,8,lrtest,11.963336,0.152847,False
Microsoft,Volume,8,params_ftest,1.415828,0.19175,False
Microsoft,Volume,9,ssr_ftest,1.354347,0.211471,False
Microsoft,Volume,9,ssr_chi2test,13.382907,0.146032,False
Microsoft,Volume,9,lrtest,12.979299,0.163545,False
Microsoft,Volume,9,params_ftest,1.354347,0.211471,False
Microsoft,Volume,10,ssr_ftest,1.600368,0.108965,False
Microsoft,Volume,10,ssr_chi2test,17.763245,0.059091,False
Microsoft,Volume,10,lrtest,17.058184,0.073086,False
Microsoft,Volume,10,params_ftest,1.600368,0.108965,False
Microsoft,Volume,11,ssr_ftest,1.593977,0.103241,False
Microsoft,Volume,11,ssr_chi2test,19.678828,0.049945,True
Microsoft,Volume,11,lrtest,18.814501,0.064506,False
Microsoft,Volume,11,params_ftest,1.593977,0.103241,False
Microsoft,Volume,12,ssr_ftest,1.823627,0.047066,True
Microsoft,Volume,12,ssr_chi2test,24.840761,0.015596,True
Microsoft,Volume,12,lrtest,23.478029,0.023931,True
Microsoft,Volume,12,params_ftest,1.823627,0.047066,True
Microsoft,Volatility,1,ssr_ftest,0.072168,0.78846,False
Microsoft,Volatility,1,ssr_chi2test,0.073161,0.786788,False
Microsoft,Volatility,1,lrtest,0.073149,0.786806,False
Microsoft,Volatility,1,params_ftest,0.072168,0.78846,False
Microsoft,Volatility,2,ssr_ftest,1.313562,0.27101,False
Microsoft,Volatility,2,ssr_chi2test,2.688219,0.260772,False
Microsoft,Volatility,2,lrtest,2.671928,0.262905,False
Microsoft,Volatility,2,params_ftest,1.313562,0.27101,False
Microsoft,Volatility,3,ssr_ftest,0.980148,0.403001,False
Microsoft,Volatility,3,ssr_chi2test,3.037533,0.385874,False
Microsoft,Volatility,3,lrtest,3.016661,0.389064,False
Microsoft,Volatility,3,params_ftest,0.980148,0.403001,False
Microsoft,Volatility,4,ssr_ftest,0.700391,0.592485,False
Microsoft,Volatility,4,ssr_chi2test,2.922207,0.570927,False
Microsoft,Volatility,4,lrtest,2.902795,0.574222,False
Microsoft,Volatility,4,params_ftest,0.700391,0.592485,False
Microsoft,Volatility,5,ssr_ftest,0.616422,0.687428,False
Microsoft,Volatility,5,ssr_chi2test,3.246688,0.662013,False
Microsoft,Volatility,5,lrtest,3.222639,0.665705,False
Microsoft,Volatility,5,params_ftest,0.616422,0.687428,False
Microsoft,Volatility,6,ssr_ftest,0.568847,0.754859,False
Microsoft,Volatility,6,ssr_chi2test,3.631656,0.726379,False
Microsoft,Volatility,6,lrtest,3.601464,0.730425,False
Microsoft,Volatility,6,params_ftest,0.568847,0.754859,False
Microsoft,Volatility,7,ssr_ftest,0.591751,0.76224,False
Microsoft,Volatility,7,ssr_chi2test,4.452925,0.726378,False
Microsoft,Volatility,7,lrtest,4.40744,0.731833,False
Microsoft,Volatility,7,params_ftest,0.591751,0.76224,False
Microsoft,Volatility,8,ssr_ftest,0.539438,0.825847,False
Microsoft,Volatility,8,ssr_chi2test,4.68791,0.790352,False
Microsoft,Volatility,8,lrtest,4.637301,0.795545,False
Microsoft,Volatility,8,params_ftest,0.539438,0.825847,False
Microsoft,Volatility,9,ssr_ftest,0.416662,0.92524,False
Microsoft,Volatility,9,ssr_chi2test,4.117222,0.903529,False
Microsoft,Volatility,9,lrtest,4.077936,0.906208,False
Microsoft,Volatility,9,params_ftest,0.416662,0.92524,False
Microsoft,Volatility,10,ssr_ftest,0.67225,0.749357,False
Microsoft,Volatility,10,ssr_chi2test,7.461628,0.681263,False
Microsoft,Volatility,10,lrtest,7.333319,0.693647,False
Microsoft,Volatility,10,params_ftest,0.67225,0.749357,False
Microsoft,Volatility,11,ssr_ftest,0.671452,0.764425,False
Microsoft,Volatility,11,ssr_chi2test,8.289581,0.687153,False
Microsoft,Volatility,11,lrtest,8.130887,0.701533,False
Microsoft,Volatility,11,params_ftest,0.671452,0.764425,False
Microsoft,Volatility,12,ssr_ftest,0.642964,0.80349,False
Microsoft,Volatility,12,ssr_chi2test,8.758212,0.723432,False
Microsoft,Volatility,12,lrtest,8.580502,0.738282,False
Microsoft,Volatility,12,params_ftest,0.642964,0.80349,False
Netflix,Price,1,ssr_ftest,11.14832,0.000989,True
Netflix,Price,1,ssr_chi2test,11.301737,0.000774,True
Netflix,Price,1,lrtest,11.022246,0.0009,True
Netflix,Price,1,params_ftest,11.14832,0.000989,True
Netflix,Price,2,ssr_ftest,6.947255,0.001192,True
Netflix,Price,2,ssr_chi2test,14.217638,0.000818,True
Netflix,Price,2,lrtest,13.777107,0.001019,True
Netflix,Price,2,params_ftest,6.947255,0.001192,True
Netflix,Price,3,ssr_ftest,4.908424,0.00256,True
Netflix,Price,3,ssr_chi2test,15.211482,0.001645,True
Netflix,Price,3,lrtest,14.706452,0.002085,True
Netflix,Price,3,params_ftest,4.908424,0.00256,True
Netflix,Price,4,ssr_ftest,3.827354,0.005034,True
Netflix,Price,4,ssr_chi2test,15.968674,0.003061,True
Netflix,Price,4,lrtest,15.410894,0.003921,True
Netflix,Price,4,params_ftest,3.827354,0.005034,True
Netflix,Price,5,ssr_ftest,4.38092,0.000822,True
Netflix,Price,5,ssr_chi2test,23.074262,0.000327,True
Netflix,Price,5,lrtest,21.928056,0.00054,True
Netflix,Price,5,params_ftest,4.38092,0.000822,True
Netflix,Price,6,ssr_ftest,3.595119,0.002077,True
Netflix,Price,6,ssr_chi2test,22.952088,0.000813,True
Netflix,Price,6,lrtest,21.812686,0.001309,True
Netflix,Price,6,params_ftest,3.595119,0.002077,True
Netflix,Price,7,ssr_ftest,2.462979,0.019135,True
Netflix,Price,7,ssr_chi2test,18.533917,0.00978,True
Netflix,Price,7,lrtest,17.778198,0.013012,True
Netflix,Price,7,params_ftest,2.462979,0.019135,True
Netflix,Price,8,ssr_ftest,2.472722,0.014159,True
Netflix,Price,8,ssr_chi2test,21.48883,0.005956,True
Netflix,Price,8,lrtest,20.477117,0.008674,True
Netflix,Price,8,params_ftest,2.472722,0.014159,True
Netflix,Price,9,ssr_ftest,3.011936,0.002183,True
Netflix,Price,9,ssr_chi2test,29.76227,0.000482,True
Netflix,Price,9,lrtest,27.858374,0.001007,True
Netflix,Price,9,params_ftest,3.011936,0.002183,True
Netflix,Price,10,ssr_ftest,3.105906,0.001085,True
Netflix,Price,10,ssr_chi2test,34.473934,0.000153,True
Netflix,Price,10,lrtest,31.942033,0.000409,True
Netflix,Price,10,params_ftest,3.105906,0.001085,True
Netflix,Price,11,ssr_ftest,3.193707,0.000533,True
Netflix,Price,11,ssr_chi2test,39.428692,4.5e-05,True
Netflix,Price,11,lrtest,36.147694,0.00016,True
Netflix,Price,11,params_ftest,3.193707,0.000533,True
Netflix,Price,12,ssr_ftest,3.201145,0.000345,True
Netflix,Price,12,ssr_chi2test,43.604783,1.8e-05,True
Netflix,Price,12,lrtest,39.620606,8.3e-05,True
Netflix,Price,12,params_ftest,3.201145,0.000345,True
Netflix,Volume,1,ssr_ftest,1.798424,0.181299,False
Netflix,Volume,1,ssr_chi2test,1.823173,0.176936,False
Netflix,Volume,1,lrtest,1.815693,0.177827,False
Netflix,Volume,1,params_ftest,1.798424,0.181299,False
Netflix,Volume,2,ssr_ftest,1.561549,0.212181,False
Netflix,Volume,2,ssr_chi2test,3.195729,0.202328,False
Netflix,Volume,2,lrtest,3.172741,0.204667,False
Netflix,Volume,2,params_ftest,1.561549,0.212181,False
Netflix,Volume,3,ssr_ftest,0.395045,0.756697,False
Netflix,Volume,3,ssr_chi2test,1.224265,0.747191,False
Netflix,Volume,3,lrtest,1.220856,0.748007,False
Netflix,Volume,3,params_ftest,0.395045,0.756697,False
Netflix,Volume,4,ssr_ftest,0.756943,0.55442,False
Netflix,Volume,4,ssr_chi2test,3.158155,0.531716,False
Netflix,Volume,4,lrtest,3.135498,0.535412,False
Netflix,Volume,4,params_ftest,0.756943,0.55442,False
Netflix,Volume,5,ssr_ftest,0.904074,0.479362,False
Netflix,Volume,5,ssr_chi2test,4.76175,0.445643,False
Netflix,Volume,5,lrtest,4.710257,0.452254,False
Netflix,Volume,5,params_ftest,0.904074,0.479362,False
Netflix,Volume,6,ssr_ftest,0.685219,0.661774,False
Netflix,Volume,6,ssr_chi2test,4.374601,0.626121,False
Netflix,Volume,6,lrtest,4.330891,0.631993,False
Netflix,Volume,6,params_ftest,0.685219,0.661774,False
Netflix,Volume,7,ssr_ftest,0.682371,0.686897,False
Netflix,Volume,7,ssr_chi2test,5.13484,0.643512,False
Netflix,Volume,7,lrtest,5.074481,0.650874,False
Netflix,Volume,7,params_ftest,0.682371,0.686897,False
Netflix,Volume,8,ssr_ftest,0.566233,0.804777,False
Netflix,Volume,8,ssr_chi2test,4.920767,0.76601,False
Netflix,Volume,8,lrtest,4.865045,0.771898,False
Netflix,Volume,8,params_ftest,0.566233,0.804777,False
Netflix,Volume,9,ssr_ftest,0.604996,0.791928,False
Netflix,Volume,9,ssr_chi2test,5.978232,0.742095,False
Netflix,Volume,9,lrtest,5.895875,0.750293,False
Netflix,Volume,9,params_ftest,0.604996,0.791928,False
Netflix,Volume,10,ssr_ftest,0.620316,0.795461,False
Netflix,Volume,10,ssr_chi2test,6.885179,0.736238,False
Netflix,Volume,10,lrtest,6.775736,0.746434,False
Netflix,Volume,10,params_ftest,0.620316,0.795461,False
Netflix,Volume,11,ssr_ftest,0.535883,0.877208,False
Netflix,Volume,11,ssr_chi2test,6.615874,0.829284,False
Netflix,Volume,11,lrtest,6.514273,0.836946,False
Netflix,Volume,11,params_ftest,0.535883,0.877208,False
Netflix,Volume,12,ssr_ftest,0.503259,0.910862,False
Netflix,Volume,12,ssr_chi2test,6.855209,0.867032,False
Netflix,Volume,12,lrtest,6.745696,0.873951,False
Netflix,Volume,12,params_ftest,0.503259,0.910862,False
Netflix,Volatility,1,ssr_ftest,2.250931,0.134981,False
Netflix,Volatility,1,ssr_chi2test,2.281908,0.130891,False
Netflix,Volatility,1,lrtest,2.270207,0.131882,False
Netflix,Volatility,1,params_ftest,2.250931,0.134981,False
Netflix,Volatility,2,ssr_ftest,1.256162,0.286826,False
Netflix,Volatility,2,ssr_chi2test,2.57075,0.276547,False
Netflix,Volatility,2,lrtest,2.555846,0.278615,False
Netflix,Volatility,2,params_ftest,1.256162,0.286826,False
Netflix,Volatility,3,ssr_ftest,0.654417,0.580999,False
Netflix,Volatility,3,ssr_chi2test,2.028076,0.5666,False
Netflix,Volatility,3,lrtest,2.018742,0.568526,False
Netflix,Volatility,3,params_ftest,0.654417,0.580999,False
Netflix,Volatility,4,ssr_ftest,0.910077,0.458955,False
Netflix,Volatility,4,ssr_chi2test,3.797066,0.434166,False
Netflix,Volatility,4,lrtest,3.764377,0.438832,False
Netflix,Volatility,4,params_ftest,0.910077,0.458955,False
Netflix,Volatility,5,ssr_ftest,1.20846,0.306363,False
Netflix,Volatility,5,ssr_chi2test,6.364948,0.272309,False
Netflix,Volatility,5,lrtest,6.273387,0.280519,False
Netflix,Volatility,5,params_ftest,1.20846,0.306363,False
Netflix,Volatility,6,ssr_ftest,0.995478,0.429453,False
Netflix,Volatility,6,ssr_chi2test,6.355367,0.384581,False
Netflix,Volatility,6,lrtest,6.263664,0.394312,False
Netflix,Volatility,6,params_ftest,0.995478,0.429453,False
Netflix,Volatility,7,ssr_ftest,0.889575,0.515658,False
Netflix,Volatility,7,ssr_chi2test,6.694052,0.461415,False
Netflix,Volatility,7,lrtest,6.591955,0.472563,False
Netflix,Volatility,7,params_ftest,0.889575,0.515658,False
Netflix,Volatility,8,ssr_ftest,0.799046,0.604079,False
Netflix,Volatility,8,ssr_chi2test,6.943995,0.542687,False
Netflix,Volatility,8,lrtest,6.833713,0.554676,False
Netflix,Volatility,8,params_ftest,0.799046,0.604079,False
Netflix,Volatility,9,ssr_ftest,0.777436,0.637456,False
Netflix,Volatility,9,ssr_chi2test,7.682191,0.566463,False
Netflix,Volatility,9,lrtest,7.5469,0.580371,False
Netflix,Volatility,9,params_ftest,0.777436,0.637456,False
Netflix,Volatility,10,ssr_ftest,0.778419,0.649518,False
Netflix,Volatility,10,ssr_chi2test,8.640042,0.566571,False
Netflix,Volatility,10,lrtest,8.468622,0.583162,False
Netflix,Volatility,10,params_ftest,0.778419,0.649518,False
Netflix,Volatility,11,ssr_ftest,0.674685,0.761433,False
Netflix,Volatility,11,ssr_chi2test,8.329487,0.68352,False
Netflix,Volatility,11,lrtest,8.169282,0.698064,False
Netflix,Volatility,11,params_ftest,0.674685,0.761433,False
Netflix,Volatility,12,ssr_ftest,0.587168,0.850913,False
Netflix,Volatility,12,ssr_chi2test,7.998183,0.785272,False
Netflix,Volatility,12,lrtest,7.849632,0.796768,False
Netflix,Volatility,12,params_ftest,0.587168,0.850913,False
