Company,Metric,Lag_Months,Pearson_r,Pearson_p,Significant
Apple,Price,1,0.375283,0.0,True
Apple,Price,2,0.38114,0.0,True
Apple,Price,3,0.381707,0.0,True
Apple,Price,4,0.383774,0.0,True
Apple,Price,5,0.387789,0.0,True
Apple,Price,6,0.382381,0.0,True
Apple,Price,7,0.373116,0.0,True
Apple,Price,8,0.385691,0.0,True
Apple,Price,9,0.399189,0.0,True
Apple,Price,10,0.411661,0.0,True
Apple,Price,11,0.431915,0.0,True
Apple,Price,12,0.436811,0.0,True
Apple,Volume,1,-0.475432,0.0,True
Apple,Volume,2,-0.500517,0.0,True
Apple,Volume,3,-0.492399,0.0,True
Apple,Volume,4,-0.461227,0.0,True
Apple,Volume,5,-0.493336,0.0,True
Apple,Volume,6,-0.487316,0.0,True
Apple,Volume,7,-0.48624,0.0,True
Apple,Volume,8,-0.499236,0.0,True
Apple,Volume,9,-0.494604,0.0,True
Apple,Volume,10,-0.506084,0.0,True
Apple,Volume,11,-0.510149,0.0,True
Apple,Volume,12,-0.489486,0.0,True
Apple,Volatility,1,-0.173116,0.009924,True
Apple,Volatility,2,-0.156538,0.020182,True
Apple,Volatility,3,-0.146729,0.029952,True
Apple,Volatility,4,-0.070992,0.29673,False
Apple,Volatility,5,-0.110552,0.104353,False
Apple,Volatility,6,-0.067313,0.324788,False
Apple,Volatility,7,-0.102643,0.133553,False
Apple,Volatility,8,-0.166963,0.014471,True
Apple,Volatility,9,-0.202391,0.003005,True
Apple,Volatility,10,-0.147383,0.031956,True
Apple,Volatility,11,-0.11673,0.090777,False
Apple,Volatility,12,-0.100484,0.146742,False
Amazon,Price,1,0.789283,0.0,True
Amazon,Price,2,0.796231,0.0,True
Amazon,Price,3,0.803044,0.0,True
Amazon,Price,4,0.809633,0.0,True
Amazon,Price,5,0.814762,0.0,True
Amazon,Price,6,0.820663,0.0,True
Amazon,Price,7,0.829902,0.0,True
Amazon,Price,8,0.836513,0.0,True
Amazon,Price,9,0.839433,0.0,True
Amazon,Price,10,0.838397,0.0,True
Amazon,Price,11,0.836111,0.0,True
Amazon,Price,12,0.83545,0.0,True
Amazon,Volume,1,-0.621157,0.0,True
Amazon,Volume,2,-0.608659,0.0,True
Amazon,Volume,3,-0.607128,0.0,True
Amazon,Volume,4,-0.598874,0.0,True
Amazon,Volume,5,-0.610924,0.0,True
Amazon,Volume,6,-0.626632,0.0,True
Amazon,Volume,7,-0.616976,0.0,True
Amazon,Volume,8,-0.630531,0.0,True
Amazon,Volume,9,-0.636411,0.0,True
Amazon,Volume,10,-0.596442,0.0,True
Amazon,Volume,11,-0.591575,0.0,True
Amazon,Volume,12,-0.609684,0.0,True
Amazon,Volatility,1,-0.317066,1e-06,True
Amazon,Volatility,2,-0.294221,9e-06,True
Amazon,Volatility,3,-0.310163,3e-06,True
Amazon,Volatility,4,-0.303628,5e-06,True
Amazon,Volatility,5,-0.299758,7e-06,True
Amazon,Volatility,6,-0.335453,0.0,True
Amazon,Volatility,7,-0.341242,0.0,True
Amazon,Volatility,8,-0.342311,0.0,True
Amazon,Volatility,9,-0.352706,0.0,True
Amazon,Volatility,10,-0.303469,7e-06,True
Amazon,Volatility,11,-0.274668,5.3e-05,True
Amazon,Volatility,12,-0.315137,3e-06,True
Google,Price,1,0.128994,0.055523,False
Google,Price,2,0.136402,0.04327,True
Google,Price,3,0.142425,0.035171,True
Google,Price,4,0.148056,0.028851,True
Google,Price,5,0.154205,0.023082,True
Google,Price,6,0.158324,0.019908,True
Google,Price,7,0.162712,0.016947,True
Google,Price,8,0.169355,0.013106,True
Google,Price,9,0.178181,0.009159,True
Google,Price,10,0.186315,0.006516,True
Google,Price,11,0.193615,0.004766,True
Google,Price,12,0.201105,0.003424,True
Google,Volume,1,-0.680602,0.0,True
Google,Volume,2,-0.680756,0.0,True
Google,Volume,3,-0.688173,0.0,True
Google,Volume,4,-0.688679,0.0,True
Google,Volume,5,-0.689304,0.0,True
Google,Volume,6,-0.690916,0.0,True
Google,Volume,7,-0.695416,0.0,True
Google,Volume,8,-0.700543,0.0,True
Google,Volume,9,-0.716474,0.0,True
Google,Volume,10,-0.719366,0.0,True
Google,Volume,11,-0.720996,0.0,True
Google,Volume,12,-0.721163,0.0,True
Google,Volatility,1,-0.327052,1e-06,True
Google,Volatility,2,-0.308735,3e-06,True
Google,Volatility,3,-0.320741,1e-06,True
Google,Volatility,4,-0.309599,3e-06,True
Google,Volatility,5,-0.289177,1.5e-05,True
Google,Volatility,6,-0.296892,9e-06,True
Google,Volatility,7,-0.315241,2e-06,True
Google,Volatility,8,-0.325301,1e-06,True
Google,Volatility,9,-0.319955,2e-06,True
Google,Volatility,10,-0.327981,1e-06,True
Google,Volatility,11,-0.33526,1e-06,True
Google,Volatility,12,-0.339759,0.0,True
Microsoft,Price,1,-0.475643,0.0,True
Microsoft,Price,2,-0.479344,0.0,True
Microsoft,Price,3,-0.483913,0.0,True
Microsoft,Price,4,-0.488819,0.0,True
Microsoft,Price,5,-0.494072,0.0,True
Microsoft,Price,6,-0.499313,0.0,True
Microsoft,Price,7,-0.504818,0.0,True
Microsoft,Price,8,-0.510314,0.0,True
Microsoft,Price,9,-0.514643,0.0,True
Microsoft,Price,10,-0.518669,0.0,True
Microsoft,Price,11,-0.523444,0.0,True
Microsoft,Price,12,-0.52912,0.0,True
Microsoft,Volume,1,0.750917,0.0,True
Microsoft,Volume,2,0.739239,0.0,True
Microsoft,Volume,3,0.74592,0.0,True
Microsoft,Volume,4,0.745178,0.0,True
Microsoft,Volume,5,0.744551,0.0,True
Microsoft,Volume,6,0.733731,0.0,True
Microsoft,Volume,7,0.737855,0.0,True
Microsoft,Volume,8,0.753141,0.0,True
Microsoft,Volume,9,0.7483,0.0,True
Microsoft,Volume,10,0.733587,0.0,True
Microsoft,Volume,11,0.741835,0.0,True
Microsoft,Volume,12,0.762449,0.0,True
Microsoft,Volatility,1,-0.03014,0.65587,False
Microsoft,Volatility,2,-0.061144,0.366743,False
Microsoft,Volatility,3,-0.04912,0.469569,False
Microsoft,Volatility,4,-0.037371,0.583146,False
Microsoft,Volatility,5,-0.027345,0.688742,False
Microsoft,Volatility,6,-0.011002,0.872286,False
Microsoft,Volatility,7,-0.016413,0.810891,False
Microsoft,Volatility,8,-0.018673,0.785941,False
Microsoft,Volatility,9,-0.007231,0.916444,False
Microsoft,Volatility,10,-0.016019,0.81664,False
Microsoft,Volatility,11,-0.008224,0.905471,False
Microsoft,Volatility,12,0.015537,0.8229,False
Netflix,Price,1,0.885887,0.0,True
Netflix,Price,2,0.889099,0.0,True
Netflix,Price,3,0.892231,0.0,True
Netflix,Price,4,0.893979,0.0,True
Netflix,Price,5,0.897077,0.0,True
Netflix,Price,6,0.899913,0.0,True
Netflix,Price,7,0.901343,0.0,True
Netflix,Price,8,0.900626,0.0,True
Netflix,Price,9,0.902429,0.0,True
Netflix,Price,10,0.902153,0.0,True
Netflix,Price,11,0.897507,0.0,True
Netflix,Price,12,0.890113,0.0,True
Netflix,Volume,1,-0.263679,7.2e-05,True
Netflix,Volume,2,-0.272164,4.3e-05,True
Netflix,Volume,3,-0.271251,4.7e-05,True
Netflix,Volume,4,-0.279181,2.9e-05,True
Netflix,Volume,5,-0.297285,8e-06,True
Netflix,Volume,6,-0.305731,5e-06,True
Netflix,Volume,7,-0.313827,3e-06,True
Netflix,Volume,8,-0.324363,1e-06,True
Netflix,Volume,9,-0.335328,1e-06,True
Netflix,Volume,10,-0.344149,0.0,True
Netflix,Volume,11,-0.350113,0.0,True
Netflix,Volume,12,-0.354382,0.0,True
Netflix,Volatility,1,-0.182575,0.006495,True
Netflix,Volatility,2,-0.183957,0.006212,True
Netflix,Volatility,3,-0.167467,0.013077,True
Netflix,Volatility,4,-0.165347,0.01452,True
Netflix,Volatility,5,-0.190913,0.004771,True
Netflix,Volatility,6,-0.197814,0.003508,True
Netflix,Volatility,7,-0.19873,0.003431,True
Netflix,Volatility,8,-0.195885,0.004019,True
Netflix,Volatility,9,-0.194171,0.004451,True
Netflix,Volatility,10,-0.188939,0.005787,True
Netflix,Volatility,11,-0.186904,0.006472,True
Netflix,Volatility,12,-0.183288,0.007748,True
